dataset_id,dataset_name,agency,mission,instrument,data_type,description,processing_level,spatial_resolution,temporal_resolution,coverage,format,version,release_date,file_size,source_url,documentation_url,citation
NASA-LRO-LOLA,Lunar Orbiter Laser Altimeter,NASA,Lunar Reconnaissance Orbiter,LOLA,Laser Altimetry / Topography,Lunar surface elevation and topographic measurements.,RDR,,,Moon,PDS,V1.0,2011-09-15,,https://pds.nasa.gov/,https://pds.nasa.gov/,NASA LRO LOLA PDS dataset
NASA-LRO-LROC,Lunar Reconnaissance Orbiter Camera,NASA,Lunar Reconnaissance Orbiter,LROC,Optical Imaging,High-resolution lunar surface imagery.,RDR,,,Moon,PDS,,,,https://pds.nasa.gov/,https://pds.nasa.gov/,NASA LRO LROC PDS dataset
NASA-LRO-DIVINER,Diviner Lunar Radiometer,NASA,Lunar Reconnaissance Orbiter,Diviner,Thermal Infrared,Lunar surface thermal measurements.,RDR,,,Moon,PDS,,,,https://pds.nasa.gov/,https://pds.nasa.gov/,NASA LRO Diviner PDS dataset
NASA-LRO-LEND,Lunar Exploration Neutron Detector,NASA,Lunar Reconnaissance Orbiter,LEND,Neutron / Hydrogen Measurements,Measurements related to lunar neutron flux and hydrogen abundance.,RDR,,,Moon,PDS,,,,https://pds.nasa.gov/,https://pds.nasa.gov/,NASA LRO LEND PDS dataset
NASA-LRO-MINIRF,Mini-RF,NASA,Lunar Reconnaissance Orbiter,Mini-RF,Radar / SAR,Synthetic aperture radar and polarimetric microwave observations.,RDR,,,Moon,PDS,,,,https://pds.nasa.gov/,https://pds.nasa.gov/,NASA LRO Mini-RF PDS dataset
ISRO-C2-CLASS,Chandrayaan-2 Large Area Soft X-ray Spectrometer,ISRO,Chandrayaan-2,CLASS,X-ray Spectroscopy,Lunar elemental composition measurements using X-ray fluorescence.,,,,Moon,PRADAN,,,,https://pradan.issdc.gov.in/ch2/,https://pradan.issdc.gov.in/ch2/,ISRO Chandrayaan-2 CLASS data
ISRO-C2-XSM,Chandrayaan-2 Solar X-ray Monitor,ISRO,Chandrayaan-2,XSM,Solar X-ray,Solar X-ray observations supporting lunar elemental analysis.,,,,Moon / Solar,PRADAN,,,,https://pradan.issdc.gov.in/ch2/,https://pradan.issdc.gov.in/ch2/,ISRO Chandrayaan-2 XSM data
ISRO-C2-OHRC,Chandrayaan-2 Orbiter High Resolution Camera,ISRO,Chandrayaan-2,OHRC,High Resolution Imaging,High-resolution optical observations of the lunar surface.,,,,Moon,PRADAN,,,,https://pradan.issdc.gov.in/ch2/,https://pradan.issdc.gov.in/ch2/,ISRO Chandrayaan-2 OHRC data
ISRO-C2-TMC2,Chandrayaan-2 Terrain Mapping Camera-2,ISRO,Chandrayaan-2,TMC-2,Terrain Mapping / Imaging,Stereo terrain mapping and lunar surface imaging.,,,,Moon,PRADAN,,,,https://pradan.issdc.gov.in/ch2/,https://pradan.issdc.gov.in/ch2/,ISRO Chandrayaan-2 TMC-2 data
ISRO-C2-IIRS,Chandrayaan-2 Imaging Infrared Spectrometer,ISRO,Chandrayaan-2,IIRS,Infrared Spectroscopy,Mineralogical and compositional observations of the lunar surface.,,,,Moon,PRADAN,,,,https://pradan.issdc.gov.in/ch2/,https://pradan.issdc.gov.in/ch2/,ISRO Chandrayaan-2 IIRS data
ISRO-C2-SAR,Chandrayaan-2 Synthetic Aperture Radar,ISRO,Chandrayaan-2,SAR,Radar,Radar observations of the lunar surface and subsurface.,,,,Moon,PRADAN,,,,https://pradan.issdc.gov.in/ch2/,https://pradan.issdc.gov.in/ch2/,ISRO Chandrayaan-2 SAR data
ISRO-C2-CHACE2,Chandrayaan-2 Chandra's Atmospheric Composition Explorer-2,ISRO,Chandrayaan-2,CHACE-2,Exosphere / Mass Spectrometry,Measurements of the lunar exosphere and tenuous atmospheric constituents.,,,,Moon / Exosphere,PRADAN,,,,https://pradan.issdc.gov.in/ch2/,https://pradan.issdc.gov.in/ch2/,ISRO Chandrayaan-2 CHACE-2 data
ISRO-C2-DFRS,Chandrayaan-2 Dual Frequency Radio Science,ISRO,Chandrayaan-2,DFRS,Radio Science,Radio science observations associated with the Chandrayaan-2 mission.,,,,Moon,PRADAN,,,,https://pradan.issdc.gov.in/ch2/,https://pradan.issdc.gov.in/ch2/,ISRO Chandrayaan-2 DFRS data
ISRO-C3-APXS,Chandrayaan-3 Alpha Particle X-ray Spectrometer,ISRO,Chandrayaan-3,APXS,Elemental Composition,In-situ elemental composition measurements of lunar soil.,,,,Lunar south polar region,PRADAN,,,,https://pradan.issdc.gov.in/ch3/,https://pradan.issdc.gov.in/ch3/,ISRO Chandrayaan-3 APXS data
ISRO-C3-LIBS,Chandrayaan-3 Laser Induced Breakdown Spectroscope,ISRO,Chandrayaan-3,LIBS,Elemental Composition,In-situ elemental composition measurements using laser spectroscopy.,,,,Lunar south polar region,PRADAN,,,,https://pradan.issdc.gov.in/ch3/,https://pradan.issdc.gov.in/ch3/,ISRO Chandrayaan-3 LIBS data
ISRO-C3-CHASTE,Chandrayaan-3 ChaSTE,ISRO,Chandrayaan-3,ChaSTE,Thermal Properties,Measurements of thermal properties of lunar soil.,,,,Lunar south polar region,PRADAN,,,,https://pradan.issdc.gov.in/ch3/,https://pradan.issdc.gov.in/ch3/,ISRO Chandrayaan-3 ChaSTE data
ISRO-C3-ILSA,Chandrayaan-3 Instrument for Lunar Seismic Activity,ISRO,Chandrayaan-3,ILSA,Seismic,Measurements of seismic activity near the Chandrayaan-3 landing site.,,,,Lunar south polar region,PRADAN,,,,https://pradan.issdc.gov.in/ch3/,https://pradan.issdc.gov.in/ch3/,ISRO Chandrayaan-3 ILSA data
ISRO-C3-RAMBHA-LP,Chandrayaan-3 RAMBHA-LP,ISRO,Chandrayaan-3,RAMBHA-LP,Plasma / Electric Potential,Measurements of lunar near-surface plasma environment.,,,,Lunar south polar region,PRADAN,,,,https://pradan.issdc.gov.in/ch3/,https://pradan.issdc.gov.in/ch3/,ISRO Chandrayaan-3 RAMBHA-LP data
