feature_id,feature_name,latitude,longitude,north_latitude,south_latitude,east_longitude,west_longitude,mission,instrument,dataset_id,product_id,relationship,source_id,scene_lat_min,scene_lat_max,scene_lon_min,scene_lon_max
LUN-0000753,Floss,-84.28,42.27,-84.126,-84.41600000000001,43.772000000000006,40.799,Chandrayaan-2,DFSAR,ISRO-C2-SAR,ch2_sar_ncxl_20260308t062017233_d_fp_d18,feature_bounds_intersect_scene,ISRO_CH2_DFSAR,-86.343554,-81.704499,13.66929,42.041886
LUN-0001027,Jaci,-85.42,31.23,-85.41600000000001,-85.41600000000001,31.270000000000003,31.270000000000003,Chandrayaan-2,DFSAR,ISRO-C2-SAR,ch2_sar_ncxl_20260308t062017233_d_fp_d18,feature_center_inside_scene,ISRO_CH2_DFSAR,-86.343554,-81.704499,13.66929,42.041886
LUN-0001032,Masina,-85.42,32.15,-85.41600000000001,-85.41600000000001,32.15,32.15,Chandrayaan-2,DFSAR,ISRO-C2-SAR,ch2_sar_ncxl_20260308t062017233_d_fp_d18,feature_center_inside_scene,ISRO_CH2_DFSAR,-86.343554,-81.704499,13.66929,42.041886
LUN-0001042,Dawa,-85.45,31.66,-85.45,-85.45,31.66,31.66,Chandrayaan-2,DFSAR,ISRO-C2-SAR,ch2_sar_ncxl_20260308t062017233_d_fp_d18,feature_center_inside_scene,ISRO_CH2_DFSAR,-86.343554,-81.704499,13.66929,42.041886
LUN-0001493,Malapert,-84.99980000000001,11.4031,-83.9708,-85.99040000000001,23.782300000000003,1.0895,Chandrayaan-2,DFSAR,ISRO-C2-SAR,ch2_sar_ncxl_20260308t062017233_d_fp_d18,feature_bounds_intersect_scene,ISRO_CH2_DFSAR,-86.343554,-81.704499,13.66929,42.041886
LUN-0001646,Nobile,-85.2752,53.2725,-84.0954,-86.455,69.25580000000001,37.321000000000005,Chandrayaan-2,DFSAR,ISRO-C2-SAR,ch2_sar_ncxl_20260308t062017233_d_fp_d18,feature_bounds_intersect_scene,ISRO_CH2_DFSAR,-86.343554,-81.704499,13.66929,42.041886
LUN-0001892,Scott,-82.3532,48.5154,-80.5894,-84.116,61.1148,36.226400000000005,Chandrayaan-2,DFSAR,ISRO-C2-SAR,ch2_sar_ncxl_20260308t062017233_d_fp_d18,feature_bounds_intersect_scene,ISRO_CH2_DFSAR,-86.343554,-81.704499,13.66929,42.041886
LUN-0006134,Malapert E,-83.94040000000001,19.8292,-83.6246,-84.2561,22.5086,17.1781,Chandrayaan-2,DFSAR,ISRO-C2-SAR,ch2_sar_ncxl_20260308t062017233_d_fp_d18,feature_center_inside_scene,ISRO_CH2_DFSAR,-86.343554,-81.704499,13.66929,42.041886
LUN-0006135,Malapert F,-81.52590000000001,14.7265,-81.3377,-81.7141,16.003700000000002,13.4494,Chandrayaan-2,DFSAR,ISRO-C2-SAR,ch2_sar_ncxl_20260308t062017233_d_fp_d18,feature_bounds_intersect_scene,ISRO_CH2_DFSAR,-86.343554,-81.704499,13.66929,42.041886
LUN-0007874,Scott M,-83.86460000000001,34.736200000000004,-83.5703,-84.1589,37.4904,31.981900000000003,Chandrayaan-2,DFSAR,ISRO-C2-SAR,ch2_sar_ncxl_20260308t062017233_d_fp_d18,feature_center_inside_scene,ISRO_CH2_DFSAR,-86.343554,-81.704499,13.66929,42.041886
LUN-0009073,Stose,-86.38000000000001,32.13,-86.1011,-86.63430000000001,36.4684,27.6778,Chandrayaan-2,DFSAR,ISRO-C2-SAR,ch2_sar_ncxl_20260308t062017233_d_fp_d18,feature_bounds_intersect_scene,ISRO_CH2_DFSAR,-86.343554,-81.704499,13.66929,42.041886
LUN-0009074,Mons Mouton,-84.60000000000001,31.0,-82.90780000000001,-86.1098,53.1139,9.2095,Chandrayaan-2,DFSAR,ISRO-C2-SAR,ch2_sar_ncxl_20260308t062017233_d_fp_d18,feature_center_inside_scene,ISRO_CH2_DFSAR,-86.343554,-81.704499,13.66929,42.041886
