source_id,agency,organization,mission,instrument,dataset_id,product_id,title,url,version,release_date,access_date,citation
USGS_IAU_MOON_GAZETTEER,USGS / IAU,USGS Astrogeology / IAU,,,,,Gazetteer of Planetary Nomenclature - Moon,https://planetarynames.wr.usgs.gov/,,,2026-09-29,IAU Working Group for Planetary System Nomenclature / USGS
NASA_PDS,NASA,NASA Planetary Data System,,,,,NASA Planetary Data System,https://pds.nasa.gov/,,,2026-09-29,NASA Planetary Data System
NASA_LRO_LOLA,NASA,NASA Goddard Space Flight Center / LRO LOLA,Lunar Reconnaissance Orbiter,LOLA,NASA-LRO-LOLA,,LRO Moon Laser Altimeter RDR,https://pds-geosciences.wustl.edu/,LRO-L-LOLA-3-RDR-V1.0,2011-09-15,2026-09-29,NASA LRO LOLA PDS dataset
NASA_LRO_LROC,NASA,NASA / LRO Camera Science Team,Lunar Reconnaissance Orbiter,LROC,NASA-LRO-LROC,,LRO Lunar Reconnaissance Orbiter Camera RDR,https://pds-imaging.jpl.nasa.gov/,LRO-L-LROC-5-RDR-V1.0,,2026-09-29,NASA LRO LROC / Planetary Data System
ISRO_PRADAN,ISRO,Indian Space Research Organisation / ISSDC,,,,,Planetary Data Archive - PRADAN,https://pradan.issdc.gov.in/,,,2026-09-29,ISRO Science Data Archive
ISRO_CHANDRAYAAN2,ISRO,ISSDC,Chandrayaan-2,,,,Chandrayaan-2 Science Data Archive,https://pradan.issdc.gov.in/ch2/,,,2026-09-29,ISRO Chandrayaan-2 PRADAN
ISRO_CHANDRAYAAN3,ISRO,ISSDC,Chandrayaan-3,,,,Chandrayaan-3 Science Data Archive,https://pradan.issdc.gov.in/ch3/,,,2026-09-29,ISRO Chandrayaan-3 PRADAN
USGS_LUNAR_GEOLOGY,USGS,USGS Astrogeology Science Center,,,,,Unified Geologic Map of the Moon,https://astrogeology.usgs.gov/,,,2026-09-29,USGS Unified Geologic Map of the Moon
ISRO_CH2_DFSAR,ISRO,Indian Space Research Organisation / ISSDC,Chandrayaan-2,DFSAR,ISRO-C2-SAR,ch2_sar_ncxl_20260308t062017233_d_fp_d18,Chandrayaan-2 Dual Frequency L and S Band SAR,https://pradan.issdc.gov.in/ch2/,Calibrated L2-SELENOREF,,2026-09-30,ISRO Chandrayaan-2 DFSAR / PRADAN
