finding_id,paper_id,region_id,finding_type,observation,finding,interpretation,limitations,related_dataset
FIND-LOLA-001,PAPER-LOLA-001,,topography,LOLA provides dense global laser-ranging measurements and high-resolution polar topography.,The study reports a high-resolution global lunar topographic model and improved geodetic characterization.,"LOLA measurements support precise lunar elevation, geodesy, slope, roughness and polar illumination studies.",This is an early-mission results paper and does not represent the full later LOLA archive.,NASA-LRO-LOLA
FIND-LOLA-002,PAPER-LOLA-002,,impact_basin_chronology,LOLA topography was used to measure superposed crater populations across 30 large basins.,"The crater populations were used to investigate basin stratigraphy, sequence and relative ages.",Quantitative topography enables comparative study of the Moon's large impact-basin history.,The analysis is focused on selected large basins rather than every lunar named feature.,NASA-LRO-LOLA
FIND-LOLA-003,PAPER-LOLA-003,,morphometry,LOLA topography provides quantitative measurements of large impact-basin geometry.,"The study characterizes geometric trends across complex craters, peak-ring basins and multi-ring basins.",High-density topography improves quantitative comparison of impact structures.,The conclusions concern large impact structures and are not a classification of all lunar craters.,NASA-LRO-LOLA
FIND-LOLA-004,PAPER-LOLA-004,,reflectance,LOLA measures 1064-nm reflected laser energy in addition to ranging information.,"The global albedo analysis identifies unusual reflectance characteristics in some polar crater environments, including Shackleton.",LOLA reflectance can be combined with topography and illumination context when studying polar surface properties.,Reflectance anomalies have multiple possible explanations and are not by themselves direct measurements of surface ice abundance.,NASA-LRO-LOLA
FIND-CH2-001,PAPER-CH2-001,,elemental_composition,CLASS measures lunar X-ray fluorescence spectra remotely from lunar orbit.,The study demonstrates calibrated elemental-abundance measurements for farside highland and nearside mare regions and maps major elements at kilometre-scale spatial resolution.,CLASS provides direct X-ray-fluorescence constraints on lunar surface elemental composition.,"Elemental retrieval depends on solar X-ray conditions, calibration and spectral modelling.",ISRO-C2-CLASS
FIND-CH2-002,PAPER-CH2-002,,radar,Chandrayaan-2 DFSAR combines L- and S-band polarimetric SAR observations.,"The instrument is designed for high-resolution polar mapping and characterization of permanently shadowed regions, including investigation of possible water ice signatures.",Dual-frequency polarimetric radar provides complementary information to optical and thermal observations in shadowed terrain.,Radar signatures are not equivalent to a direct measurement of water-ice abundance; interpretation depends on scattering models and ancillary data.,ISRO-C2-SAR
FIND-CH2-003,PAPER-CH2-003,,mineralogy,IIRS acquires hyperspectral observations from approximately 0.8 to 5.0 micrometres using 256 contiguous bands.,The instrument provides a dataset for mapping and studying lunar mineralogical and hydroxyl-related spectral characteristics.,Hyperspectral measurements provide spectral constraints that complement morphology and elemental observations.,"Mineralogical interpretation depends on calibration, spectral modelling and comparison with laboratory or established lunar spectra.",ISRO-C2-IIRS
FIND-CH3-001,PAPER-CH3-001,,elemental_composition,APXS acquired 23 in-situ measurements near the Chandrayaan-3 landing site.,"The local terrain was reported as fairly uniform and primarily ferroan anorthosite, with relatively higher magnesium compared with calcium suggesting additional mafic material.",The measurements provide ground truth for remote-sensing observations of the lunar southern high-latitude highland environment.,The measurements cover a small local area around the landing site and should not be generalized to the entire lunar south polar region.,ISRO-C3-APXS
FIND-CH3-002,PAPER-CH3-002,,geochemistry,"APXS measurements at the Chandrayaan-3 landing site were compared with other lunar highland compositions for Na, K and S.",The study reports depletion in sodium and potassium and enrichment in sulfur relative to comparison highland sites.,The authors relate the composition to material associated with ancient lunar crustal and South Pole-Aitken processes and discuss possible primitive mantle contributions.,The interpretation is model-dependent and is tied to comparison datasets and geological context.,ISRO-C3-APXS
