paper_id,title,authors,year,journal,doi,abstract,keywords,mission,instrument,region,source_url
PAPER-LOLA-001,Initial observations from the Lunar Orbiter Laser Altimeter (LOLA),Smith et al.,2010,Geophysical Research Letters,10.1029/2010GL043751,"Describes early LOLA measurements, the global lunar topographic model, geodetic accuracy, slope and roughness products, and polar topography. The study reports more than 2.0 billion elevation measurements by June 2010 and describes the use of LOLA ranges to determine lunar radius and topography.",LOLA; lunar topography; elevation; geodesy; polar regions; roughness,Lunar Reconnaissance Orbiter,LOLA,Global Moon; lunar polar regions,https://doi.org/10.1029/2010GL043751
PAPER-LOLA-002,"Lunar impact basins: Stratigraphy, sequence and ages from superposed impact crater populations measured from Lunar Orbiter Laser Altimeter (LOLA) data",Fassett et al.,2012,Journal of Geophysical Research: Planets,10.1029/2011JE003951,"Uses LOLA topography to measure superposed impact-crater populations for 30 lunar basins with diameters of at least 300 km, supporting analysis of basin stratigraphy, sequence and relative ages.",impact basins; craters; stratigraphy; chronology; LOLA; topography,Lunar Reconnaissance Orbiter,LOLA,30 large lunar impact basins,https://doi.org/10.1029/2011JE003951
PAPER-LOLA-003,The transition from complex craters to multi-ring basins on the Moon: Quantitative geometric properties from Lunar Reconnaissance Orbiter Lunar Orbiter Laser Altimeter (LOLA) data,Baker et al.,2012,Journal of Geophysical Research: Planets,10.1029/2011JE004021,Uses LOLA topography to quantify the morphology and geometry of lunar impact basins across the transition from complex craters to peak-ring and multi-ring basins.,impact craters; impact basins; morphology; morphometry; LOLA,Lunar Reconnaissance Orbiter,LOLA,Large lunar impact basins,https://doi.org/10.1029/2011JE004021
PAPER-LOLA-004,The global albedo of the Moon at 1064 nm from LOLA,Lucey et al.,2014,Journal of Geophysical Research: Planets,10.1002/2013JE004592,"Uses LOLA 1064-nm reflectance measurements to characterize global lunar albedo and discusses anomalous reflectance in polar crater environments, including Shackleton crater.",LOLA; albedo; reflectance; Shackleton; polar regions; nanophase iron,Lunar Reconnaissance Orbiter,LOLA,Global Moon; Shackleton crater; south polar region,https://doi.org/10.1002/2013JE004592
PAPER-CH2-001,"Chandrayaan-2 Large Area Soft X-ray Spectrometer (CLASS): Calibration, In-flight performance and first results",Pillai et al.,2021,Icarus,10.1016/j.icarus.2021.114436,"Presents CLASS calibration, in-flight performance and elemental-abundance measurements derived from lunar X-ray fluorescence. The study demonstrates mapping capability for O, Mg, Al and Si and localized measurements of Ca, Ti and Fe.",CLASS; X-ray fluorescence; elemental abundance; Moon; Chandrayaan-2,Chandrayaan-2,CLASS,Mare Imbrium; farside highlands; nearside western mare,https://doi.org/10.1016/j.icarus.2021.114436
PAPER-CH2-002,L- and S-band Polarimetric Synthetic Aperture Radar on Chandrayaan-2 Mission,Putrevu et al.,2020,Current Science,10.18520/cs/v118/i2/226-233,"Describes the Chandrayaan-2 dual-frequency polarimetric SAR payload using L- and S-band observations, including its intended application to lunar polar mapping and characterization of permanently shadowed regions and possible water ice.",DFSAR; SAR; L-band; S-band; polarimetry; permanently shadowed regions; water ice,Chandrayaan-2,DFSAR,Lunar polar regions; permanently shadowed regions,https://doi.org/10.18520/cs/v118/i2/226-233
PAPER-CH2-003,Imaging Infrared Spectrometer onboard Chandrayaan-2 Orbiter,Chowdhury et al.,2020,Current Science,10.18520/cs/v118/i3/368-375,"Describes the Chandrayaan-2 IIRS imaging hyperspectral instrument for lunar mineralogical investigation, covering approximately 0.8–5.0 micrometres with 256 contiguous spectral bands.",IIRS; hyperspectral imaging; mineralogy; spectroscopy; Chandrayaan-2,Chandrayaan-2,IIRS,Moon; polar regions,https://doi.org/10.18520/cs/v118/i3/368-375
PAPER-CH3-001,Chandrayaan-3 APXS elemental abundance measurements at lunar high latitude,Vadawale et al.,2024,Nature,10.1038/s41586-024-07870-7,"Reports 23 in-situ APXS measurements near the Chandrayaan-3 landing site. The study describes fairly uniform local composition dominated by ferroan anorthosite and reports relatively higher magnesium with respect to calcium, indicating mixing of additional mafic material.",APXS; elemental abundance; ferroan anorthosite; lunar highlands; Chandrayaan-3,Chandrayaan-3,APXS,Chandrayaan-3 landing site; lunar southern high latitudes,https://doi.org/10.1038/s41586-024-07870-7
PAPER-CH3-002,Primitive lunar mantle materials at the Chandrayaan-3 landing site,Patel et al.,2025,Communications Earth & Environment,10.1038/s43247-025-02305-1,"Assesses APXS measurements of sodium, potassium and sulfur at the Chandrayaan-3 highland landing site and compares them with other lunar highland measurements to investigate compositional relationships and possible primitive mantle contributions.",APXS; sodium; potassium; sulfur; lunar mantle; South Pole-Aitken; Chandrayaan-3,Chandrayaan-3,APXS,Chandrayaan-3 landing site; southern highland; South Pole-Aitken-related terrain,https://doi.org/10.1038/s43247-025-02305-1
